,OpenTime,Side,Pair,Amount,Status,OpenPrice,ClosePrice,SL,TP,PnL
0,02/17 11:26:15,LONG,NEARUSDT,71.4285714285725,Close,3.266,3.28,3.245,3.28,0.7657142857142822
1,02/17 11:27:18,LONG,MEMEUSDT,4926.108374384277,Close,0.025798,0.0254935,0.0254935,0.026001,-1.6255837438423912
2,02/17 11:31:26,LONG,SOLUSDT,1.6920473773265416,Close,109.273,108.38649999999998,108.38649999999998,109.864,-1.6833950930626032
3,02/17 11:46:50,LONG,EDUUSDT,222.2222222222248,Close,0.7712,0.7644500000000001,0.7644500000000001,0.7757,-1.66987777777778
4,02/17 11:53:35,LONG,YGGUSDT,555.5555555555653,Close,0.4984,0.5002,0.4957,0.5002,0.7221111111111063
5,02/17 12:15:46,LONG,XAIUSDT,117.64705882353007,Close,0.9794,0.9879,0.96665,0.9879,0.8837764705882346
6,02/17 12:16:01,LONG,POWRUSDT,714.2857142857363,Close,0.342,0.3434,0.3399000000000001,0.3434,0.7547142857142781
7,02/17 12:16:18,LONG,DOTUSDT,25.64102564102584,Close,7.589,7.628,7.530500000000001,7.628,0.8044102564102551
8,02/17 12:16:26,LONG,BIGTIMEUSDT,384.6153846153777,Close,0.3989,0.4015,0.3949999999999999,0.4015,0.8455769230769259
9,02/17 12:20:32,LONG,CTSIUSDT,833.333333333348,Close,0.2957,0.2939,0.2939,0.2969,-1.7449166666667173
10,02/17 12:28:25,LONG,PENDLEUSDT,77.51937984496044,Close,2.9333,2.9462,2.91395,2.9462,0.7716124031007775
11,02/17 12:30:47,LONG,ARBUSDT,149.25373134328024,Close,1.9545,1.9612,1.94445,1.9612,0.7072835820895589
12,02/17 12:32:49,LONG,JUPUSDT,499.9999999999996,Close,0.5091,0.5061,0.5061,0.5111,-1.75305
13,02/17 13:02:28,SHORT,ARKUSDT,144.9275362318837,Close,0.9472,0.9403,0.95755,0.9403,0.8637246376811598
14,02/17 13:03:21,LONG,NEOUSDT,20.833333333333314,Close,12.687,12.735,12.614999999999998,12.735,0.7346875000000002
15,02/17 13:07:29,LONG,AUCTIONUSDT,2.439024390243901,Close,31.35,30.735,30.735,31.76,-1.5749634146341502
16,02/17 13:15:30,LONG,HBARUSDT,2702.7027027027366,Close,0.08383,0.083275,0.083275,0.0842,-1.725067567567589
17,02/17 13:15:36,LONG,PENDLEUSDT,40.81632653061193,Close,2.9474,2.9106499999999995,2.9106499999999995,2.9719,-1.6188020408163346
18,02/17 13:15:56,LONG,CELOUSDT,142.85714285714272,Close,0.738,0.7275,0.7275,0.745,-1.6039285714285634
19,02/17 13:17:44,LONG,GRTUSDT,799.9999999999993,Close,0.18807,0.186195,0.186195,0.18932,-1.6489559999999888
20,02/17 13:18:23,LONG,ASTRUSDT,689.6551724137898,Close,0.16649,0.164315,0.164315,0.16794,-1.613320689655172
21,02/17 13:19:09,LONG,EGLDUSDT,3.571428571428557,Close,57.5,57.08,57.08,57.78,-1.703857142857142
22,02/17 13:23:15,LONG,NEOUSDT,8.849557522123929,Close,12.625,12.4555,12.4555,12.738,-1.6102256637168146
23,02/17 13:33:00,LONG,CYBERUSDT,21.27659574468058,Close,8.07,8.117,7.999499999999999,8.117,0.8272978723404277
24,02/17 14:50:48,LONG,ALTUSDT,197.6284584980233,Close,0.38692,0.39198,0.3793299999999999,0.39198,0.9225335968379448
25,02/17 16:15:20,LONG,JUPUSDT,256.4102564102591,Close,0.4948,0.4987,0.4889500000000001,0.4987,0.8721282051282037
26,02/17 16:17:08,SHORT,ALPHAUSDT,1041.666666666664,Close,0.12352,0.12256,0.12496,0.12256,0.8723333333333336
27,02/17 17:10:31,SHORT,AGIXUSDT,163.93442622950835,Close,0.4341,0.44325,0.44325,0.428,-1.5726639344262296
28,02/17 17:28:36,SHORT,LPTUSDT,5.025125628140662,Close,19.099,18.9,19.3975,18.9,0.9050251256281414
29,02/17 17:32:05,LONG,XAIUSDT,156.25000000000094,Close,0.9566,0.963,0.947,0.963,0.8495312499999991
30,02/17 17:43:35,LONG,APTUSDT,23.25581395348781,Close,9.447,9.49,9.382499999999997,9.49,0.7793023255814006
31,02/17 17:47:51,LONG,SEIUSDT,238.09523809523915,Close,0.9162,0.9099,0.9099,0.9204,-1.716642857142858
32,02/17 18:12:46,LONG,JUPUSDT,322.5806451612912,Close,0.5007,0.5038,0.49605,0.5038,0.8374838709677415
33,02/17 18:15:50,LONG,SUPERUSDT,136.98630136986142,Close,1.0491,1.0564,1.03815,1.0564,0.8552876712328783
34,02/17 18:18:10,LONG,MANTAUSDT,86.95652173913162,Close,2.8548,2.8663,2.83755,2.8663,0.7507565217391271
35,02/17 18:19:19,LONG,SUSHIUSDT,106.3829787234034,Close,1.2236,1.233,1.2094999999999998,1.233,0.8688297872340435
36,02/17 20:30:44,SHORT,UNIUSDT,23.25581395348877,Close,7.629,7.6934999999999985,7.6934999999999985,7.586,-1.6789186046511655
37,02/17 20:33:50,SHORT,AIUSDT,44.228217602831,Close,1.5896,1.56699,1.6235149999999996,1.56699,0.93069482529854
38,02/17 21:01:44,SHORT,PHBUSDT,38.75968992248056,Close,1.314,1.3527,1.3527,1.2882,-1.5524302325581354
39,02/17 21:17:36,SHORT,ARKMUSDT,81.96721311475417,Close,0.8436,0.8619,0.8619,0.8314,-1.5706475409836067
40,02/17 21:27:44,LONG,NTRNUSDT,124.99999999999989,Close,1.8009,1.7889,1.7889,1.8089,-1.7236124999999998
41,02/17 22:45:12,LONG,SEIUSDT,124.99999999999989,Close,0.9049,0.9129,0.8929,0.9129,0.8858875000000002
42,02/17 22:50:21,LONG,RUNEUSDT,52.63157894736807,Close,5.437,5.4085,5.4085,5.456,-1.7846578947368403
43,02/17 23:17:25,SHORT,AGIXUSDT,128.20512820512772,Close,0.4534,0.4651,0.4651,0.4456,-1.5596282051281978
44,02/18 00:17:45,SHORT,GALUSDT,40.81632653061267,Close,2.6363,2.6118,2.6730499999999995,2.6118,0.8933959183673459
45,02/18 00:21:58,SHORT,1000LUNCUSDT,1587.3015873015383,Close,0.12998,0.12935,0.130925,0.12935,0.7946825396825461
46,02/18 00:31:14,LONG,NTRNUSDT,42.016806722689,Close,1.7888,1.8126,1.7531,1.8126,0.923840336134454
47,02/18 01:31:09,SHORT,RNDRUSDT,16.077170418006478,Close,5.6056,5.5434,5.6989,5.5434,0.9108778135048228
48,02/18 02:15:46,SHORT,CHRUSDT,109.89010989010993,Close,0.4743,0.4652,0.48795,0.4652,0.9488791208791209
49,02/18 02:18:53,SHORT,COTIUSDT,671.1409395973193,Close,0.09219,0.0944249999999999,0.0944249999999999,0.0907,-1.5633724832214209
50,02/18 02:46:43,SHORT,NEARUSDT,76.92307692307752,Close,3.296,3.283,3.3155,3.283,0.7474615384615365
51,02/18 03:35:29,SHORT,ATOMUSDT,16.66666666666653,Close,10.265,10.355,10.355,10.205,-1.672583333333317
52,02/18 03:38:19,SHORT,MKRUSDT,0.1492537313432876,Close,2133.6,2143.65,2143.65,2126.9,-1.819947761194106
53,02/18 03:38:51,SHORT,INJUSDT,2.6315789473684035,Close,37.097,36.717,37.667,36.717,0.9033763157894744
54,02/18 04:16:26,SHORT,ZENUSDT,2.475247524752476,Close,12.457,13.063,13.063,12.053,-1.532334158415842
55,02/18 04:22:12,SHORT,AGIXUSDT,61.72839506172843,Close,0.4716,0.4554,0.4959,0.4554,0.9718888888888888
56,02/18 04:27:00,SHORT,DOTUSDT,33.333333333334046,Close,7.77,7.74,7.814999999999999,7.74,0.7419999999999944
57,02/18 04:45:41,SHORT,LPTUSDT,1.424501424501421,Close,18.78,18.078,19.83300000000001,18.078,0.9742478632478632
58,02/18 04:45:44,LONG,BLURUSDT,172.41379310344746,Close,0.7016,0.7074,0.6929,0.7074,0.8780344827586213
59,02/18 04:45:55,LONG,ENSUSDT,10.752688172043014,Close,21.948,21.8085,21.8085,22.041,-1.7345000000000192
60,02/18 04:46:43,LONG,MINAUSDT,131.57894736842016,Close,1.3487,1.3563,1.3373,1.3563,0.8215394736842117
61,02/18 05:15:37,SHORT,LITUSDT,83.33333333333326,Close,1.119,1.107,1.137,1.107,0.90775
62,02/18 05:16:54,SHORT,MKRUSDT,0.0578034682080918,Close,2141.8,2124.5,2167.7500000000005,2124.5,0.8771965317919075
63,02/18 05:17:47,SHORT,BATUSDT,263.1578947368403,Close,0.2594,0.2651,0.2651,0.2556,-1.5697631578947218
64,02/18 05:30:43,LONG,UMAUSDT,58.82352941176657,Close,4.152,4.169,4.126500000000001,4.169,0.7547647058823452
65,02/18 05:30:55,SHORT,DOTUSDT,28.571428571428456,Close,7.771,7.8235,7.8235,7.736,-1.7235285714285706
66,02/18 06:00:51,SHORT,MASKUSDT,43.47826086956497,Close,3.891,3.868,3.9255,3.868,0.8318260869565227
67,02/18 06:16:04,LONG,ENSUSDT,8.928571428571562,Close,21.974,21.806000000000004,21.806000000000004,22.086,-1.6946964285714154
68,02/18 06:51:43,SHORT,HBARUSDT,3448.2758620689824,Close,0.08541,0.08512,0.085845,0.08512,0.7064827586206882
69,02/18 07:02:26,SHORT,BEAMXUSDT,2710.0271002709933,Close,0.029124,0.0296775,0.0296775,0.028755,-1.5804268292682828
70,02/18 07:03:16,SHORT,C98USDT,322.5806451612912,Close,0.3367,0.34135,0.34135,0.3336,-1.610112903225807
71,02/18 07:08:37,SHORT,ICPUSDT,9.523809523809485,Close,13.436,13.5935,13.5935,13.331,-1.6294619047619043
72,02/18 07:10:59,SHORT,MATICUSDT,227.27272727272936,Close,0.94,0.9466,0.9466,0.9356,-1.7151363636363908
73,02/18 07:12:21,SHORT,APEUSDT,72.46376811594185,Close,1.6624,1.6831,1.6831,1.6486,-1.6219637681159338
74,02/18 07:13:07,SHORT,LTCUSDT,3.8461538461537694,Close,70.4,70.14,70.79000000000002,70.14,0.7302307692307743
75,02/18 07:14:09,SHORT,TIAUSDT,4.863813229571973,Close,18.8736,19.182,19.182,18.668,-1.593297665369641
76,02/18 07:38:36,SHORT,WLDUSDT,11.086474501108722,Close,5.1914,5.326699999999999,5.326699999999999,5.1012,-1.5590543237250558
77,02/18 08:18:24,LONG,ENSUSDT,7.042253521126788,Close,21.779,21.921,21.566000000000003,21.921,0.8456267605633797
78,02/18 08:31:50,SHORT,NEARUSDT,45.45454545454587,Close,3.384,3.417,3.417,3.362,-1.6553181818181932
79,02/18 09:01:49,SHORT,CYBERUSDT,8.196721311475418,Close,8.556,8.738999999999999,8.738999999999999,8.434,-1.5716311475409837
80,02/18 09:56:53,SHORT,1000SHIBUSDT,29411.76470588295,Close,0.009824,0.00979,0.0098749999999999,0.00979,0.7120588235294059
81,02/18 10:47:43,SHORT,DYDXUSDT,83.33333333333326,Close,3.148,3.136,3.1660000000000004,3.136,0.7386666666666669
82,02/18 10:48:18,SHORT,XAIUSDT,49.2610837438424,Close,1.0727,1.10315,1.10315,1.0524,-1.5543423645320251
83,02/18 11:01:19,SHORT,DOTUSDT,37.03703703703685,Close,7.795,7.768,7.8355,7.768,0.7122962962962978
84,02/18 11:04:30,SHORT,PEOPLEUSDT,3333.333333333315,Close,0.03155,0.03125,0.032,0.03125,0.8958333333333339
85,02/18 11:30:21,SHORT,GASUSDT,39.99999999999943,Close,6.49,6.465,6.527500000000001,6.465,0.7414000000000036
86,02/18 11:32:23,SHORT,OPUSDT,23.14814814814808,Close,3.7338,3.6906,3.7986,3.6906,0.9145694444444448
87,02/18 11:41:39,SHORT,MATICUSDT,222.22222222221927,Close,0.9474,0.9429,0.95415,0.9429,0.7904666666666694
88,02/18 11:49:20,SHORT,MAVUSDT,256.41025641025544,Close,0.6462,0.6423,0.65205,0.6423,0.835307692307693
89,02/18 12:16:31,SHORT,APEUSDT,129.8701298701292,Close,1.7117,1.704,1.7232500000000002,1.704,0.7787012987012998
90,02/18 12:17:36,SHORT,KEYUSDT,5405.405405405398,Close,0.007577,0.007392,0.0078545,0.007392,0.9600432432432432
91,02/18 12:50:14,SHORT,BLZUSDT,213.2196162046921,Close,0.42249,0.4178,0.4295249999999999,0.4178,0.9109168443496796
92,02/18 12:55:36,SHORT,INJUSDT,5.05050505050504,Close,38.818,38.62,39.115,38.62,0.8049494949494953
93,02/18 13:33:31,SHORT,BLZUSDT,188.6792452830179,Close,0.41831,0.41301,0.4262600000000001,0.41301,0.9220735849056608
94,02/18 13:46:35,SHORT,IDUSDT,263.1578947368403,Close,0.603,0.6087,0.6087,0.5992,-1.6601842105263147
95,02/18 13:47:10,SHORT,CYBERUSDT,10.416666666666655,Close,8.719,8.863,8.863,8.623,-1.5923229166666664
96,02/18 13:47:27,SHORT,AAVEUSDT,1.2345679012345645,Close,94.44,93.63,95.655,93.63,0.8844074074074078
97,02/18 14:21:10,SHORT,MAVUSDT,322.5806451612912,Close,0.6431,0.64,0.64775,0.64,0.7935483870967737
98,02/18 14:21:40,SHORT,AXSUSDT,31.24999999999997,Close,8.199,8.247,8.247,8.167,-1.7577187499999998
99,02/18 15:17:03,SHORT,CHRUSDT,185.18518518518465,Close,0.4763,0.4844,0.4844,0.4709,-1.5897037037036983
100,02/18 15:42:15,SHORT,AXSUSDT,32.258064516130275,Close,8.232,8.278499999999998,8.278499999999998,8.201,-1.7670483870967844
101,02/18 15:48:23,SHORT,RLCUSDT,23.86634844868732,Close,3.4955,3.4536,3.55835,3.4536,0.9175751789976132
102,02/18 15:53:33,SHORT,PEOPLEUSDT,3703.703703703712,Close,0.03161,0.03134,0.032015,0.03134,0.8839259259259257
103,02/18 16:16:11,SHORT,ARKMUSDT,38.02281368821294,Close,1.0751,1.11455,1.11455,1.0488,-1.5423783269961977
104,02/18 17:01:58,SHORT,MEMEUSDT,11764.70588235318,Close,0.027395,0.0275225,0.0275225,0.02731,-1.823794117647085
105,02/18 17:20:52,SHORT,OCEANUSDT,285.71428571428095,Close,0.6801,0.6766,0.6853500000000001,0.6766,0.8066857142857176
106,02/18 18:30:24,SHORT,IOTXUSDT,704.2253521126806,Close,0.06992,0.0685,0.0720499999999999,0.0685,0.9517605633802814
107,02/18 18:48:19,SHORT,MEMEUSDT,3676.470588235275,Close,0.027491,0.027899,0.027899,0.027219,-1.6025698529411632
108,02/18 19:02:19,SHORT,RONINUSDT,25.641025641025543,Close,3.318,3.279,3.3765,3.279,0.9159230769230772
109,02/18 19:31:56,SHORT,PHBUSDT,85.47008547008515,Close,1.3866,1.40415,1.40415,1.3749,-1.6200128205128106
110,02/18 19:32:44,SHORT,ARBUSDT,59.17159763313561,Close,2.0266,2.0097,2.0519500000000006,2.0097,0.8810828402366874
111,02/18 19:33:12,SHORT,DYDXUSDT,55.55555555555619,Close,3.171,3.153,3.1979999999999995,3.153,0.8248333333333313
112,02/18 19:33:44,SHORT,1000PEPEUSDT,144927.53623188395,Close,0.0012049,0.001198,0.00121525,0.001198,0.826376811594203
113,02/18 19:33:56,SHORT,MDTUSDT,2439.0243902438574,Close,0.06851,0.0681,0.069125,0.0681,0.8339024390243933
114,02/18 19:34:00,SHORT,ROSEUSDT,2380.95238095236,Close,0.12599,0.12557,0.12662,0.12557,0.701023809523812
115,02/18 19:34:03,SHORT,GMTUSDT,714.2857142857363,Close,0.2794,0.278,0.2814999999999999,0.278,0.8014285714285653
116,02/18 19:47:09,SHORT,ARPAUSDT,1612.9032258064271,Close,0.06865,0.06803,0.06958,0.06803,0.8902741935483888
117,02/18 21:00:42,SHORT,GTCUSDT,52.63157894736868,Close,1.637,1.618,1.6654999999999998,1.618,0.9148421052631576
118,02/18 21:18:34,SHORT,COTIUSDT,1063.8297872340463,Close,0.103,0.1044099999999999,0.1044099999999999,0.10206,-1.6110744680850178
119,02/18 21:37:57,SHORT,ARPAUSDT,3999.999999999997,Close,0.06793,0.06768,0.068305,0.06768,0.7292800000000002
120,02/18 21:53:56,SHORT,CHZUSDT,2777.777777777784,Close,0.115,0.11464,0.11554,0.11464,0.681555555555555
121,02/18 21:57:11,SHORT,DOGEUSDT,2040.8163265305943,Close,0.08527,0.086005,0.086005,0.08478,-1.6755204081632495
122,02/18 21:57:38,SHORT,WOOUSDT,335.57046979865964,Close,0.43099,0.4354599999999999,0.4354599999999999,0.42801,-1.6461275167785057
123,02/18 22:00:53,LONG,KEYUSDT,45454.54545454659,Close,0.007087,0.007109,0.007054,0.007109,0.6768636363636282
124,02/18 22:19:09,SHORT,MANTAUSDT,47.84688995215279,Close,3.0331,3.0122,3.0644500000000003,3.0122,0.8558755980861253
125,02/18 23:33:21,SHORT,INJUSDT,6.944444444444524,Close,38.966,38.822,39.182,38.822,0.7304027777777746
126,02/18 23:52:09,SHORT,C98USDT,624.9999999999822,Close,0.3425,0.3409,0.3449000000000001,0.3409,0.7869375000000061
127,02/19 00:02:13,SHORT,APEUSDT,74.62686567164259,Close,1.7305,1.7171,1.7505999999999995,1.7171,0.8718582089552225
128,02/19 00:15:37,SHORT,CKBUSDT,7092.198581560258,Close,0.011401,0.0116125,0.0116125,0.01126,-1.5823581560283624
129,02/19 00:33:20,SHORT,AXSUSDT,21.739130434782066,Close,8.214,8.168,8.283000000000001,8.168,0.8224347826087001
130,02/19 00:38:28,SHORT,WOOUSDT,408.1632653061212,Close,0.43655,0.4341,0.440225,0.4341,0.822816326530613
131,02/19 00:49:00,SHORT,AVAXUSDT,3.215434083601287,Close,40.538,40.227,41.00449999999999,40.227,0.8706527331189711
132,02/19 00:55:38,SHORT,CVXUSDT,33.33333333333306,Close,4.433,4.403,4.478,4.403,0.8532333333333346
133,02/19 01:25:05,SHORT,1000SATSUSDT,277777.7777777794,Close,0.0005332,0.0005386,0.0005386,0.0005296,-1.6496111111111271
134,02/19 02:15:54,SHORT,ENSUSDT,11.764705882353317,Close,22.365,22.4925,22.4925,22.28,-1.7646176470588948
135,02/19 02:33:35,SHORT,ARPAUSDT,2127.659574468093,Close,0.06816,0.068865,0.068865,0.06769,-1.6465212765957449
136,02/19 02:46:00,SHORT,MAVUSDT,192.3076923076929,Close,0.6572,0.665,0.665,0.652,-1.627884615384626
137,02/19 03:19:06,SHORT,APTUSDT,27.77777777777809,Close,9.836,9.8,9.89,9.8,0.7277777777777745
138,02/19 03:45:22,SHORT,PYTHUSDT,147.05882352941114,Close,0.628,0.6212,0.6382000000000001,0.6212,0.9086470588235296
139,02/19 04:11:05,SHORT,ARBUSDT,111.11111111111238,Close,2.0355,2.0489999999999995,2.0489999999999995,2.0265,-1.7276666666666445
140,02/19 04:16:18,SHORT,MKRUSDT,0.0714285714285714,Close,2201.5,2222.5,2222.5,2187.5,-1.6587499999999993
141,02/19 05:04:07,SHORT,STXUSDT,20.12072434607643,Close,2.6742,2.74875,2.74875,2.6245,-1.5553068410462731
142,02/19 06:01:27,SHORT,TRBUSDT,1.4684287812041172,Close,126.419,127.4405,127.4405,125.738,-1.6871372980910535
143,02/19 06:02:06,SHORT,LDOUSDT,21.73913043478269,Close,3.3211,3.3900999999999994,3.3900999999999994,3.2751,-1.5736978260869516
144,02/19 06:03:11,SHORT,BAKEUSDT,322.5806451612912,Close,0.4196,0.4242499999999999,0.4242499999999999,0.4165,-1.63685483870966
145,02/19 06:03:20,SHORT,1000SHIBUSDT,24999.99999999993,Close,0.009823,0.009883,0.009883,0.009783,-1.7470749999999773
146,02/19 06:16:17,SHORT,ARPAUSDT,1470.5882352941176,Close,0.06965,0.06897,0.07067,0.06897,0.8985735294117647
147,02/19 07:17:26,SHORT,HBARUSDT,1785.7142857143142,Close,0.09401,0.0948499999999999,0.0948499999999999,0.09345,-1.6693749999998662
148,02/19 07:17:57,LONG,PENDLEUSDT,93.45794392523425,Close,2.9442,2.9549,2.92815,2.9549,0.7238411214953253
149,02/19 07:38:55,SHORT,OCEANUSDT,75.75757575757582,Close,0.7532,0.7729999999999999,0.7729999999999999,0.74,-1.558560606060602
150,02/19 08:10:55,SHORT,1000LUNCUSDT,1886.7924528301792,Close,0.13371,0.13318,0.1345049999999999,0.13318,0.7487169811320767
151,02/19 08:18:11,SHORT,JTOUSDT,62.89308176100531,Close,2.4028,2.3869,2.4266500000000004,2.3869,0.8498805031446565
152,02/19 08:21:03,SHORT,GALAUSDT,11111.111111111137,Close,0.02809,0.028,0.028225,0.028,0.6888888888888884
153,02/19 09:48:28,SHORT,IDUSDT,303.0303030302956,Close,0.6207,0.6174,0.6256500000000002,0.6174,0.8129090909090955
154,02/19 09:50:19,SHORT,MAGICUSDT,129.87012987013293,Close,1.408,1.4003,1.4195499999999996,1.4003,0.8181428571428527
155,02/19 10:16:58,SHORT,HBARUSDT,621.1180124223602,Close,0.09697,0.099385,0.099385,0.09536,-1.5617298136645963
156,02/19 11:04:02,SHORT,ARUSDT,4.672897196261673,Close,13.177,13.498,13.498,12.963,-1.563074766355136
157,02/19 11:33:59,SHORT,MAVUSDT,175.4385964912269,Close,0.6714,0.6657,0.67995,0.6657,0.8832105263157902
158,02/19 11:43:18,SHORT,IDUSDT,277.77777777778266,Close,0.6202,0.6255999999999999,0.6255999999999999,0.6166,-1.6737777777777962
159,02/19 12:09:50,SHORT,CYBERUSDT,20.000000000000423,Close,9.321,9.395999999999995,9.395999999999995,9.271,-1.6879199999999503
160,02/19 12:17:52,SHORT,DYDXUSDT,58.82352941176504,Close,3.197,3.18,3.2225,3.18,0.8129411764705872
161,02/19 12:32:55,SHORT,SUPERUSDT,20.576131687242714,Close,1.2754,1.2268,1.3483000000000005,1.2268,0.9747572016460906
162,02/19 13:00:39,LONG,ZENUSDT,15.38461538461508,Close,10.793,10.858,10.695499999999996,10.858,0.8329538461538494
163,02/19 13:02:11,LONG,PENDLEUSDT,27.932960893854705,Close,2.8982,2.8445,2.8445,2.934,-1.5794553072625697
164,02/19 13:15:11,SHORT,ETCUSDT,5.347593582887667,Close,26.902,26.715,27.182500000000005,26.715,0.8571390374331559
165,02/19 14:14:38,SHORT,MANTAUSDT,28.818443804034622,Close,3.1001,3.0654,3.15215,3.0654,0.9116599423631122
166,02/19 14:21:38,SHORT,MASKUSDT,66.66666666666809,Close,3.905,3.9274999999999993,3.9274999999999993,3.89,-1.761833333333339
167,02/19 14:23:59,SHORT,SSVUSDT,6.250000000000133,Close,34.11,34.349999999999994,34.349999999999994,33.95,-1.7146875000000046
168,02/19 14:27:46,SHORT,LOOMUSDT,649.3506493506495,Close,0.10276,0.10122,0.10507,0.10122,0.9342727272727273
169,02/19 15:06:57,SHORT,BEAMXUSDT,1724.1379310344912,Close,0.034509,0.0353789999999999,0.0353789999999999,0.033929,-1.5609982758619017
170,02/19 15:09:40,SHORT,RIFUSDT,323.6245954692547,Close,0.22927,0.22618,0.233905,0.22618,0.926802588996764
171,02/19 16:01:25,SHORT,ALPHAUSDT,485.436893203882,Close,0.12919,0.13228,0.13228,0.12713,-1.5642135922330096
172,02/19 16:02:11,SHORT,JASMYUSDT,5617.977528089881,Close,0.007694,0.007516,0.007961,0.007516,0.9577752808988764
173,02/19 16:02:35,SHORT,LTCUSDT,3.030303030303046,Close,71.22,70.89,71.715,70.89,0.7851818181818171
174,02/19 16:05:28,SHORT,AMBUSDT,24390.243902438368,Close,0.00927,0.009229,0.0093315,0.009229,0.7749024390243964
175,02/19 16:41:32,SHORT,RDNTUSDT,666.6666666666661,Close,0.3407,0.3392,0.34295,0.3392,0.7738666666666669
176,02/19 16:46:11,LONG,ZETAUSDT,29.85074626865664,Close,2.4417,2.39145,2.39145,2.4752,-1.571386567164179
177,02/19 16:57:20,SHORT,BLZUSDT,561.7977528089875,Close,0.39354,0.39621,0.39621,0.39176,-1.7225898876404488
178,02/19 17:06:52,LONG,ZENUSDT,8.333333333333387,Close,10.779,10.899,10.599,10.899,0.9091749999999994
179,02/19 17:18:07,SHORT,STGUSDT,111.111111111111,Close,0.6995,0.7130000000000001,0.7130000000000001,0.6905,-1.579222222222228
180,02/19 17:56:40,LONG,WIFUSDT,333.33333333333303,Close,0.3917,0.3947,0.3872,0.3947,0.8684333333333334
181,02/19 18:03:29,SHORT,DYMUSDT,21.276595744680986,Close,7.6,7.553,7.670499999999999,7.553,0.8392978723404247
182,02/19 18:26:04,LONG,ZETAUSDT,90.090090090091,Close,2.4258,2.4369,2.4091500000000003,2.4369,0.7804594594594572
183,02/19 18:43:49,LONG,PYTHUSDT,555.5555555555825,Close,0.5994,0.5967000000000002,0.5967000000000002,0.6012,-1.8314999999999853
184,02/19 19:57:26,SHORT,EGLDUSDT,4.545454545454569,Close,61.16,60.94,61.49,60.94,0.7229999999999985
185,02/19 20:02:58,LONG,NFPUSDT,120.48192771084376,Close,0.7671,0.7754,0.75465,0.7754,0.9065783132530116
186,02/19 20:08:23,LONG,MINAUSDT,192.30769230769707,Close,1.3663,1.3715,1.3585000000000005,1.3715,0.7362499999999934
187,02/19 20:26:16,SHORT,OPUSDT,29.325513196480923,Close,3.9068,3.95795,3.95795,3.8727,-1.6160689149560052
188,02/19 20:44:28,SHORT,ETHUSDT,0.1118568232662185,Close,2937.58,2950.99,2950.99,2928.64,-1.830088366890352
189,02/19 21:02:22,LONG,RUNEUSDT,43.47826086956581,Close,5.41,5.433,5.375500000000001,5.433,0.763782608695649
190,02/19 21:02:32,LONG,PYTHUSDT,181.8181818181835,Close,0.5987,0.6042,0.5904500000000001,0.6042,0.8901454545454536
191,02/19 21:11:37,LONG,SUIUSDT,166.66666666666652,Close,1.7671,1.7731,1.7580999999999998,1.7731,0.7044833333333336
192,02/19 21:52:10,LONG,XMRUSDT,1.4705882352941029,Close,113.05,113.73,112.03,113.73,0.8327500000000017
193,02/19 22:00:12,SHORT,AUCTIONUSDT,5.263157894736708,Close,35.17,34.98,35.45500000000001,34.98,0.8158947368421099
194,02/19 22:20:32,SHORT,PEOPLEUSDT,5000.00000000003,Close,0.03288,0.03318,0.03318,0.03268,-1.6659000000000184
195,02/19 23:30:49,SHORT,1000SHIBUSDT,23809.5238095236,Close,0.009938,0.009896,0.010001,0.009896,0.7643809523809544
196,02/19 23:34:35,SHORT,BLURUSDT,100.00000000000102,Close,0.7878,0.7778,0.8027999999999997,0.7778,0.9222199999999992
197,02/19 23:50:06,SHORT,KASUSDT,392.1568627450985,Close,0.18366,0.18111,0.1874849999999999,0.18111,0.9289764705882352
198,02/19 23:54:05,LONG,CHRUSDT,227.27272727272648,Close,0.4366,0.441,0.4299999999999999,0.441,0.8997727272727275
199,02/20 00:00:32,SHORT,GASUSDT,20.40816326530633,Close,6.555,6.506,6.628499999999999,6.506,0.8672244897959168
200,02/20 00:01:17,SHORT,UMAUSDT,27.027027027027085,Close,4.283,4.246,4.3385,4.246,0.885243243243243
201,02/20 00:02:07,SHORT,C98USDT,476.1904761904783,Close,0.3552,0.3531,0.35835,0.3531,0.8318571428571421
202,02/20 00:14:49,SHORT,ENSUSDT,5.376344086021507,Close,23.739,23.553,24.018,23.553,0.8733709677419355
203,02/20 00:21:18,SHORT,BIGTIMEUSDT,144.92753623188486,Close,0.4447,0.4378,0.4550499999999999,0.4378,0.9365507246376809
204,02/20 00:23:03,SHORT,LOOMUSDT,523.5602094240851,Close,0.10422,0.10231,0.1070849999999999,0.10231,0.9464345549738218
205,02/20 00:39:22,LONG,KEYUSDT,20408.163265305942,Close,0.006926,0.0068524999999999,0.0068524999999999,0.006975,-1.639846938777525
206,02/20 00:39:39,LONG,JUPUSDT,151.51515151515036,Close,0.5252,0.5152999999999999,0.5152999999999999,0.5318,-1.5780757575757651
207,02/20 00:45:46,LONG,XMRUSDT,1.0416666666666734,Close,113.14,114.1,111.70000000000002,114.1,0.8811458333333326
208,02/20 01:16:10,LONG,IOTXUSDT,1111.111111111105,Close,0.06077,0.0594199999999999,0.0594199999999999,0.06167,-1.566022222222318
209,02/20 01:16:13,SHORT,APTUSDT,10.752688172043014,Close,10.023,9.93,10.1625,9.93,0.8932258064516129
210,02/20 01:16:15,SHORT,ENSUSDT,5.952380952380853,Close,23.507,23.339,23.759000000000007,23.339,0.8610773809523833
211,02/20 02:48:03,LONG,AIUSDT,46.23208506703645,Close,1.71981,1.687365,1.687365,1.74144,-1.57801040221914
212,02/20 03:45:53,LONG,TIAUSDT,7.429420505200652,Close,18.3598,18.1579,18.1579,18.4944,-1.634902674591383
213,02/20 03:46:24,LONG,GASUSDT,34.48275862068976,Close,6.447,6.4035,6.4035,6.476,-1.7208103448275869
214,02/20 03:47:01,LONG,AVAXUSDT,6.410256410256459,Close,39.201,38.967,38.967,39.357,-1.7497884615384862
215,02/20 03:49:13,LONG,RUNEUSDT,40.00000000000085,Close,5.384,5.346500000000001,5.346500000000001,5.409,-1.7138600000000224
216,02/20 04:06:45,LONG,COTIUSDT,571.4285714285709,Close,0.09865,0.1004,0.096025,0.1004,0.9426285714285714
217,02/20 06:00:36,LONG,NEARUSDT,66.66666666666612,Close,3.467,3.482,3.4445,3.482,0.7678666666666686
218,02/20 06:32:13,LONG,SOLUSDT,2.083333333333316,Close,110.57,111.05,109.85,111.05,0.7686458333333352
219,02/20 06:37:42,LONG,ARKMUSDT,175.4385964912269,Close,1.028,1.0337,1.01945,1.0337,0.8186491228070187
220,02/20 07:02:33,LONG,1000BONKUSDT,19607.843137255302,Close,0.012772,0.012823,0.0126955,0.012823,0.7485686274509753
221,02/20 07:04:49,LONG,LPTUSDT,8.333333333333387,Close,15.701,15.821,15.521,15.821,0.8681583333333325
222,02/20 07:06:17,LONG,1000PEPEUSDT,121951.21951219375,Close,0.0012,0.0011876999999999,0.0011876999999999,0.0012082,-1.6448414634267974
223,02/20 07:32:15,SHORT,JASMYUSDT,4807.692307692311,Close,0.008846,0.009158,0.009158,0.008638,-1.5440288461538465
224,02/20 07:34:02,SHORT,INJUSDT,2.192982456140336,Close,38.533,38.077,39.217000000000006,38.077,0.9164978070175444
225,02/20 07:40:27,LONG,ARBUSDT,153.84615384614452,Close,2.0157,2.0059499999999995,2.0059499999999995,2.0222,-1.8086076923076395
226,02/20 07:54:45,LONG,LPTUSDT,6.172839506172808,Close,15.664,15.421,15.421,15.826,-1.5951913580246853
227,02/20 08:01:39,LONG,CHRUSDT,294.1176470588271,Close,0.4312,0.4261000000000001,0.4261000000000001,0.4346,-1.6253235294117665
228,02/20 08:02:15,LONG,MINAUSDT,98.03921568627464,Close,1.358,1.3427000000000002,1.3427000000000002,1.3682,-1.6316372549019504
229,02/20 08:03:04,LONG,JTOUSDT,62.89308176100707,Close,2.2898,2.26595,2.26595,2.3057,-1.642512578616368
230,02/20 08:30:30,SHORT,ZILUSDT,5882.35294117647,Close,0.02425,0.02408,0.024505,0.02408,0.8583529411764705
231,02/20 10:06:51,SHORT,MAVUSDT,57.47126436781619,Close,0.6975,0.7236,0.7236,0.6801,-1.5415862068965551
232,02/20 10:46:22,LONG,API3USDT,48.54368932038847,Close,4.1202,4.1408,4.0893,4.1408,0.7989902912621354
233,02/20 11:16:30,LONG,PENDLEUSDT,34.84320557491323,Close,2.7048,2.7335,2.6617500000000005,2.7335,0.9047560975609747
234,02/20 12:08:04,LONG,ARBUSDT,136.9863013698656,Close,2.0009,2.0082,1.9899500000000003,2.0082,0.7249041095890358
235,02/20 12:36:41,LONG,ATOMUSDT,15.151515151515392,Close,10.499,10.565,10.400000000000002,10.565,0.8399242424242398
236,02/20 12:37:24,LONG,LTCUSDT,3.2258064516128795,Close,70.53,70.84,70.065,70.84,0.7714838709677436
237,02/20 12:38:56,LONG,SNXUSDT,30.30303030303038,Close,3.757,3.79,3.707500000000001,3.79,0.8851515151515148
238,02/20 12:46:18,SHORT,LINAUSDT,14285.71428571416,Close,0.00975,0.00968,0.009855,0.00968,0.861714285714287
239,02/20 13:15:07,SHORT,ALGOUSDT,499.9999999999996,Close,0.2011,0.1991,0.2041,0.1991,0.9004500000000001
240,02/20 13:15:26,SHORT,LOOMUSDT,1030.9278350515478,Close,0.10356,0.10259,0.105015,0.10259,0.8942371134020617
241,02/20 13:15:29,SHORT,IOTAUSDT,370.3703703703655,Close,0.2902,0.2875,0.29425,0.2875,0.8935185185185199
242,02/20 13:15:49,SHORT,ENJUSDT,181.81818181818167,Close,0.3584,0.3529,0.36665,0.3529,0.9358363636363636
243,02/20 13:15:51,SHORT,IDUSDT,217.3913043478238,Close,0.6563,0.6517,0.6632,0.6517,0.8583260869565232
244,02/20 13:16:13,SHORT,ADAUSDT,161.2903225806456,Close,0.6302,0.6395,0.6395,0.624,-1.6031451612903231
245,02/20 13:17:08,SHORT,WAVESUSDT,82.64462809917204,Close,2.3824,2.4005500000000004,2.4005500000000004,2.3703,-1.6983925619834674
246,02/20 13:17:12,SHORT,XLMUSDT,1250.0000000000075,Close,0.12061,0.11981,0.1218099999999999,0.11981,0.8502374999999991
247,02/20 13:17:22,SHORT,RNDRUSDT,30.48780487804884,Close,6.2128,6.18,6.262,6.18,0.8115853658536584
248,02/20 13:17:50,SHORT,GMTUSDT,434.7826086956581,Close,0.2864,0.2841,0.2898499999999999,0.2841,0.8764782608695635
249,02/20 13:18:21,SHORT,XEMUSDT,3333.333333333392,Close,0.0389,0.0386,0.0393499999999999,0.0386,0.8713333333333311
250,02/20 13:19:45,SHORT,BNBUSDT,0.8928571428571392,Close,357.02,358.7,358.7,355.9,-1.820267857142856
251,02/20 13:20:21,SHORT,XTZUSDT,124.99999999999989,Close,1.121,1.133,1.133,1.113,-1.641625
252,02/20 13:39:40,LONG,1000RATSUSDT,909.0909090909174,Close,0.26432,0.26542,0.26267,0.26542,0.7587090909090887
253,02/20 13:45:31,SHORT,CRVUSDT,111.111111111111,Close,0.572,0.563,0.5854999999999999,0.563,0.9374444444444444
254,02/20 13:47:30,SHORT,LEVERUSDT,55248.618784530205,Close,0.0018412,0.0018231,0.00186835,0.0018231,0.899276243093923
255,02/20 13:49:08,SHORT,POWRUSDT,232.55813953488232,Close,0.3774,0.3731,0.38385,0.3731,0.9132325581395354
256,02/20 14:06:05,LONG,ZECUSDT,3.4482758620689755,Close,25.43,24.995,24.995,25.72,-1.586189655172414
257,02/20 14:18:23,LONG,GTCUSDT,40.00000000000014,Close,1.558,1.5205000000000002,1.5205000000000002,1.583,-1.5608200000000003
258,02/20 14:27:50,LONG,LTCUSDT,1.1111111111111216,Close,70.31,68.96000000000001,68.96000000000001,71.21,-1.5766222222222308
259,02/20 14:45:46,SHORT,IDUSDT,232.55813953488533,Close,0.6562,0.66265,0.66265,0.6519,-1.6541046511627917
260,02/20 15:32:30,LONG,ARKMUSDT,31.446540880503093,Close,1.0145,1.0463,0.9668,1.0463,0.9670974842767296
261,02/20 15:33:12,LONG,ZETAUSDT,15.29051987767576,Close,2.3036,2.2055,2.2055,2.369,-1.533723241590207
262,02/20 16:35:57,SHORT,ATAUSDT,909.0909090908946,Close,0.1315,0.1304,0.13315,0.1304,0.8814545454545474
263,02/20 17:00:12,LONG,OCEANUSDT,116.27906976744116,Close,0.6928,0.7014,0.6799,0.7014,0.9184418604651168
264,02/20 17:17:26,SHORT,TRXUSDT,1298.7012987013106,Close,0.13804,0.1391949999999999,0.1391949999999999,0.13727,-1.6807727272726207
265,02/20 19:05:07,LONG,STXUSDT,35.97122302158325,Close,2.6331,2.6609,2.591400000000001,2.6609,0.9042841726618692
266,02/20 19:08:00,LONG,SEIUSDT,87.7192982456143,Close,0.9012,0.9126,0.8841000000000001,0.9126,0.9199473684210524
267,02/20 19:16:32,LONG,WIFUSDT,208.3333333333321,Close,0.3484,0.3532,0.3411999999999999,0.3532,0.9264166666666668
268,02/20 19:17:33,LONG,AXSUSDT,27.77777777777809,Close,8.026,8.062,7.972,8.062,0.776055555555553
269,02/20 19:18:39,LONG,CAKEUSDT,101.0101010101008,Close,2.6951,2.705,2.68025,2.705,0.7267676767676772
270,02/20 19:19:33,LONG,ONEUSDT,5555.555555555568,Close,0.01822,0.0184,0.01795,0.0184,0.8977777777777778
271,02/20 20:31:38,LONG,JUPUSDT,312.5000000000019,Close,0.4944,0.4976,0.4896,0.4976,0.844499999999999
272,02/20 20:35:10,LONG,WLDUSDT,11.641443538998884,Close,6.4157,6.5016,6.286850000000001,6.5016,0.9243119906868448
273,02/20 21:01:57,LONG,IOTXUSDT,2499.999999999972,Close,0.05812,0.05852,0.0575199999999999,0.05852,0.8537000000000017
274,02/20 21:02:07,LONG,BLZUSDT,751.8796992481215,Close,0.36886,0.366865,0.366865,0.37019,-1.775838345864683
275,02/20 21:16:29,LONG,JUPUSDT,249.99999999999977,Close,0.4956,0.4996,0.4896,0.4996,0.8751000000000001
276,02/20 21:23:49,SHORT,APEUSDT,116.27906976744266,Close,1.811,1.8024,1.8239,1.8024,0.7904186046511613
277,02/20 21:33:51,LONG,PIXELUSDT,87.7192982456143,Close,0.5243,0.5072000000000001,0.5072000000000001,0.5357,-1.5444912280701706
278,02/20 22:34:48,LONG,1000BONKUSDT,17241.3793103446,Close,0.012251,0.012309,0.0121639999999999,0.012309,0.7877758620689682
279,02/20 23:34:13,LONG,CHRUSDT,208.3333333333346,Close,0.4116,0.4044000000000001,0.4044000000000001,0.4164,-1.5842499999999948
280,02/21 00:03:50,SHORT,RLCUSDT,43.103448275861865,Close,3.9563,3.9911,3.9911,3.9331,-1.6720301724137732
281,02/21 00:11:33,SHORT,TRXUSDT,2083.3333333332976,Close,0.13968,0.1392,0.1404,0.1392,0.7100000000000048
282,02/21 00:23:46,SHORT,JASMYUSDT,7518.796992481235,Close,0.011503,0.01137,0.0117024999999999,0.01137,0.9145112781954884
283,02/21 01:05:46,SHORT,RLCUSDT,14.64128843338218,Close,4.0165,3.9482,4.11895,3.9482,0.9421932650073204
284,02/21 01:22:29,SHORT,SUSHIUSDT,166.66666666666652,Close,1.305,1.299,1.314,1.299,0.7835000000000002
285,02/21 01:23:51,SHORT,MASKUSDT,11.627906976744146,Close,4.192,4.321000000000001,4.321000000000001,4.106,-1.5502441860465117
286,02/21 02:04:55,SHORT,ETHUSDT,0.0810372771474868,Close,3002.84,2990.5,3021.3500000000004,2990.5,0.7576580226904397
287,02/21 02:05:12,SHORT,BNBUSDT,0.6410256410256401,Close,354.81,353.25,357.15,353.25,0.7735576923076927
288,02/21 02:05:45,SHORT,ORBSUSDT,2040.8163265305943,Close,0.03962,0.03913,0.040355,0.03913,0.9201428571428578
289,02/21 03:33:18,SHORT,MATICUSDT,263.1578947368403,Close,1.0155,1.0117,1.0212,1.0117,0.7337631578947386
290,02/21 04:33:14,LONG,STORJUSDT,126.58227848101414,Close,0.7204,0.7085500000000002,0.7085500000000002,0.7283,-1.5896898734177154
291,02/21 05:21:11,LONG,PIXELUSDT,232.55813953488533,Close,0.5121,0.50565,0.50565,0.5164,-1.6175930232558149
292,02/21 06:22:09,SHORT,STXUSDT,21.09704641350206,Close,2.8203,2.7729,2.8914,2.7729,0.9415
293,02/21 06:30:48,SHORT,CTSIUSDT,232.55813953488533,Close,0.3166,0.3230499999999999,0.3230499999999999,0.3123,-1.575127906976732
294,02/21 06:51:53,LONG,LEVERUSDT,101010.10101010132,Close,0.0017275,0.00171265,0.00171265,0.0017374,-1.6729949494949612
295,02/21 08:36:17,SHORT,JASMYUSDT,1930.501930501933,Close,0.011678,0.01116,0.0124549999999999,0.01116,0.9784555984555984
296,02/21 08:47:48,SHORT,HBARUSDT,431.0344827586202,Close,0.11043,0.10811,0.11391,0.10811,0.9534008620689656
297,02/21 09:08:44,LONG,SUIUSDT,69.4444444444446,Close,1.6617,1.6401,1.6401,1.6761,-1.6138958333333413
298,02/21 09:17:08,LONG,KASUSDT,1562.499999999996,Close,0.17648,0.17552,0.17552,0.17712,-1.7742499999999777
299,02/21 09:17:57,LONG,AUDIOUSDT,357.1428571428575,Close,0.2299,0.2257,0.2257,0.2327,-1.5806071428571378
300,02/21 09:18:17,LONG,CAKEUSDT,28.08988764044938,Close,2.6976,2.6442,2.6442,2.7332,-1.57427528089887
301,02/21 09:19:57,LONG,ASTRUSDT,980.3921568627252,Close,0.16351,0.1619799999999999,0.1619799999999999,0.16453,-1.6588039215686787
302,02/21 09:37:55,LONG,GRTUSDT,341.2969283276464,Close,0.23794,0.233545,0.233545,0.24087,-1.5797081911262896
303,02/21 10:13:09,LONG,AUCTIONUSDT,2.7027027027026955,Close,30.08,30.45,29.525,30.45,0.9177027027027028
304,02/21 10:20:34,LONG,ARUSDT,7.1428571428572045,Close,13.973,13.763000000000002,13.763000000000002,14.113,-1.5983071428571505
305,02/21 11:03:25,LONG,AUCTIONUSDT,2.9411764705882364,Close,30.39,29.880000000000003,29.880000000000003,30.73,-1.5878823529411712
306,02/21 11:13:29,LONG,1000SHIBUSDT,27027.02702702661,Close,0.009462,0.0094064999999999,0.0094064999999999,0.009499,-1.754229729732419
307,02/21 11:23:14,LONG,UNIUSDT,26.315789473684035,Close,7.261,7.204,7.204,7.299,-1.6895789473684195
308,02/21 11:33:35,LONG,ALPHAUSDT,840.3361344537839,Close,0.12076,0.118975,0.118975,0.12195,-1.5999789915966505
309,02/21 11:54:41,LONG,FILUSDT,19.607843137254843,Close,7.304,7.2275,7.2275,7.355,-1.6417156862745097
310,02/21 12:52:25,LONG,APEUSDT,142.857142857145,Close,1.6991,1.7061,1.6886,1.7061,0.7562714285714249
311,02/21 13:00:37,LONG,PERPUSDT,135.13513513513786,Close,1.3198,1.3272,1.3087000000000004,1.3272,0.8206486486486451
312,02/21 13:02:44,LONG,SUSHIUSDT,121.95121951219534,Close,1.2493,1.237,1.237,1.2575,-1.6508536585365856
313,02/21 13:04:59,LONG,TIAUSDT,9.39849624060144,Close,17.0073,16.8477,16.8477,17.1137,-1.658343045112781
314,02/21 13:21:01,LONG,SEIUSDT,119.047619047618,Close,0.8634,0.8507999999999998,0.8507999999999998,0.8718,-1.60128571428572
315,02/21 13:21:31,LONG,HOTUSDT,50000.00000000095,Close,0.00223,0.0022,0.0022,0.00225,-1.6100000000000343
316,02/21 13:21:59,LONG,MEMEUSDT,5434.782608695648,Close,0.025478,0.025202,0.025202,0.025662,-1.6369673913043572
317,02/21 13:32:32,LONG,LINKUSDT,5.291005291005289,Close,18.396,18.1125,18.1125,18.585,-1.5958333333333332
318,02/21 13:54:36,LONG,ONDOUSDT,112.35955056179822,Close,0.3163,0.3252,0.30295,0.3252,0.9634606741573032
319,02/21 14:21:34,LONG,CHRUSDT,249.99999999999977,Close,0.3993,0.4033,0.3933,0.4033,0.8991750000000001
320,02/21 15:46:45,SHORT,JASMYUSDT,2409.638554216865,Close,0.014062,0.013647,0.0146845,0.013647,0.9671156626506024
321,02/21 16:31:40,LONG,ALGOUSDT,624.999999999993,Close,0.1843,0.1859,0.1818999999999999,0.1859,0.8838125000000013
322,02/21 16:31:43,LONG,CHZUSDT,719.4244604316534,Close,0.11782,0.11921,0.1157349999999999,0.11921,0.9142374100719424
323,02/21 16:31:45,LONG,INJUSDT,2.079002079002072,Close,34.494,34.975,33.772499999999994,34.975,0.9272869022869026
324,02/21 16:31:59,LONG,SUSHIUSDT,67.11409395973094,Close,1.2265,1.2414,1.2041499999999998,1.2414,0.91668456375839
325,02/21 16:43:36,LONG,MANAUSDT,499.9999999999996,Close,0.4724,0.4744,0.4694,0.4744,0.7628000000000001
326,02/21 17:15:22,LONG,SSVUSDT,3.4482758620689755,Close,31.55,31.115,31.115,31.84,-1.6072931034482885
327,02/21 17:15:32,LONG,MANAUSDT,476.1904761904783,Close,0.4726,0.46945,0.46945,0.4747,-1.7235476190476464
328,02/21 17:16:19,LONG,UNIUSDT,25.64102564102525,Close,7.225,7.166499999999999,7.166499999999999,7.264,-1.6837564102563958
329,02/21 17:18:43,LONG,MKRUSDT,0.0574712643678157,Close,2017.5,2034.9,1991.4,2034.9,0.8830517241379303
330,02/21 17:22:40,LONG,XLMUSDT,1818.181818181789,Close,0.11273,0.1119049999999999,0.1119049999999999,0.11328,-1.7034636363637967
331,02/21 17:48:03,LONG,ARPAUSDT,1298.7012987013106,Close,0.06424,0.06501,0.063085,0.06501,0.9155714285714278
332,02/21 18:33:50,LONG,PIXELUSDT,384.6153846153941,Close,0.5006,0.4967000000000001,0.4967000000000001,0.5032,-1.6910384615384872
333,02/21 19:22:57,LONG,BEAMXUSDT,5347.59358288771,Close,0.030737,0.030924,0.0304565,0.030924,0.8346310160427804
334,02/21 19:48:16,LONG,ACHUSDT,11627.906976744283,Close,0.023083,0.023169,0.022954,0.023169,0.7305930232558115
335,02/21 20:16:50,LONG,IOTXUSDT,3846.1538461537975,Close,0.05497,0.05523,0.0545799999999999,0.05523,0.7875769230769257
336,02/21 20:17:25,LONG,INJUSDT,6.896551724138121,Close,34.06,34.205,33.84250000000001,34.205,0.7641034482758555
337,02/21 20:17:32,LONG,CFXUSDT,833.3333333333287,Close,0.2286,0.2298,0.2268,0.2298,0.8085000000000011
338,02/21 20:17:45,LONG,TRBUSDT,2.8328611898016303,Close,116.517,115.98749999999998,115.98749999999998,116.87,-1.8285764872521164
339,02/21 20:20:56,LONG,OXTUSDT,1754.3859649122774,Close,0.11684,0.11741,0.115985,0.11741,0.7940175438596495
340,02/21 20:24:10,LONG,MANAUSDT,499.9999999999996,Close,0.4709,0.4729,0.4679,0.4729,0.7635500000000002
341,02/21 20:24:21,LONG,ATOMUSDT,33.333333333334046,Close,9.839,9.869,9.794,9.869,0.6710333333333263
342,02/21 22:18:56,LONG,HBARUSDT,970.873786407764,Close,0.10182,0.10285,0.1002749999999999,0.10285,0.9001456310679614
343,02/21 22:19:42,LONG,PENDLEUSDT,28.90173410404645,Close,2.4624,2.497,2.4105000000000008,2.497,0.9278323699421958
344,02/22 00:15:44,SHORT,NKNUSDT,301.2048192771069,Close,0.14777,0.14445,0.15275,0.14445,0.956490963855422
345,02/22 01:17:57,SHORT,ALTUSDT,167.22408026755895,Close,0.52348,0.5175,0.5324499999999999,0.5175,0.9134615384615382
346,02/22 03:19:50,SHORT,OCEANUSDT,61.72839506172843,Close,0.7376,0.7619,0.7619,0.7214,-1.547030864197531
347,02/22 03:46:19,LONG,MINAUSDT,129.8701298701292,Close,1.258,1.2657,1.2464499999999998,1.2657,0.8356233766233775
348,02/22 03:57:44,LONG,SUIUSDT,166.66666666666652,Close,1.6562,1.6471999999999998,1.6471999999999998,1.6622,-1.7745333333333515
349,02/22 04:15:37,LONG,API3USDT,26.17801047120433,Close,3.9127,3.9509,3.8554,3.9509,0.8965732984293187
350,02/22 04:17:34,SHORT,IMXUSDT,26.24671916010497,Close,3.4438,3.4057,3.50095,3.4057,0.9106115485564306
351,02/22 04:30:12,LONG,GALAUSDT,7142.857142857257,Close,0.0267,0.02649,0.02649,0.02684,-1.6892142857143255
352,02/22 04:31:19,LONG,INJUSDT,7.352941176470438,Close,34.143,33.93899999999999,33.93899999999999,34.279,-1.7495514705882562
353,02/22 04:31:55,LONG,DOTUSDT,27.027027027027085,Close,7.367,7.404,7.3115,7.404,0.7998918918918915
354,02/22 04:32:05,LONG,APTUSDT,25.64102564102584,Close,9.053,9.092,8.994500000000002,9.092,0.7668717948717932
355,02/22 04:33:35,LONG,LDOUSDT,47.39336492890968,Close,3.0124,3.0335,2.98075,3.0335,0.8562322274881523
356,02/22 04:37:42,LONG,ORDIUSDT,1.6806722689075662,Close,64.205,64.8,63.3125,64.8,0.8910924369747897
357,02/22 04:45:45,LONG,EGLDUSDT,4.761904761904742,Close,56.86,57.07,56.545,57.07,0.7282380952380964
358,02/22 04:47:44,LONG,ZETAUSDT,60.97560975609767,Close,2.1817,2.1981,2.1571,2.1981,0.8659695121951216
359,02/22 05:04:08,SHORT,AGIXUSDT,52.08333333333335,Close,0.7045,0.7333000000000001,0.7333000000000001,0.6853,-1.5381927083333362
360,02/22 05:06:41,LONG,APEUSDT,104.16666666666607,Close,1.6709,1.6805,1.6565,1.6805,0.8249479166666674
361,02/22 05:08:53,LONG,SNXUSDT,71.42857142857024,Close,3.465,3.479,3.4439999999999995,3.479,0.7515000000000042
362,02/22 05:09:37,LONG,XAIUSDT,32.78688524590167,Close,1.3,1.3305,1.25425,1.3305,0.9563770491803278
363,02/22 05:16:36,SHORT,GRTUSDT,205.33880903490825,Close,0.27263,0.2799349999999999,0.2799349999999999,0.26776,-1.55748151950717
364,02/22 05:45:14,LONG,ENSUSDT,6.66666666666673,Close,21.8,21.95,21.575000000000003,21.95,0.8536666666666652
365,02/22 06:02:06,LONG,APTUSDT,23.80952380952392,Close,9.077,9.119,9.014,9.119,0.7828809523809516
366,02/22 08:18:33,SHORT,MASKUSDT,10.989010989010966,Close,4.508,4.417,4.644500000000001,4.417,0.9514615384615386
367,02/22 09:30:52,SHORT,NFPUSDT,131.57894736842016,Close,0.7902,0.7826,0.8016000000000001,0.7826,0.8970263157894742
368,02/22 09:34:16,SHORT,FILUSDT,12.345679012345752,Close,7.537,7.456,7.658499999999999,7.456,0.90795061728395
369,02/22 09:48:07,SHORT,BTCUSDT,0.0052029136316335,Close,51914.9,51722.7,52203.20000000001,51722.7,0.7308912591050913
370,02/22 10:02:12,SHORT,LPTUSDT,6.024096385542156,Close,16.12,15.954,16.369,15.954,0.9038915662650604
371,02/22 11:10:13,SHORT,ZECUSDT,3.846153846153876,Close,27.63,28.02,28.02,27.37,-1.6077692307692453
372,02/22 11:15:14,SHORT,RNDRUSDT,13.089005235602166,Close,7.3068,7.2304,7.421399999999999,7.2304,0.905361256544502
373,02/22 11:35:41,SHORT,ZETAUSDT,22.172949002217223,Close,2.3553,2.3102,2.42295,2.3102,0.9487760532150776
374,02/22 11:39:05,SHORT,CVXUSDT,20.00000000000007,Close,4.83,4.904999999999999,4.904999999999999,4.78,-1.5980999999999914
375,02/22 12:05:24,SHORT,CAKEUSDT,61.72839506172843,Close,2.8155,2.7993,2.8398000000000003,2.7993,0.8272037037037037
376,02/22 12:09:17,SHORT,ETHUSDT,0.0603864734299518,Close,2998.93,2982.37,3023.7699999999995,2982.37,0.8199051932367132
377,02/22 12:17:47,SHORT,ACHUSDT,5847.953216374353,Close,0.025271,0.0251,0.0255274999999999,0.0251,0.8532163742690038
378,02/22 12:48:54,SHORT,STMXUSDT,14285.71428571416,Close,0.00813,0.00806,0.008235,0.00806,0.8848571428571439
379,02/22 14:00:07,SHORT,GRTUSDT,188.6792452830179,Close,0.28194,0.2898900000000001,0.2898900000000001,0.27664,-1.5546962264150992
380,02/22 14:00:58,SHORT,ARKMUSDT,40.8163265306123,Close,1.3759,1.4126499999999995,1.4126499999999995,1.3514,-1.557659183673456
381,02/22 14:45:13,LONG,ARUSDT,5.128205128205121,Close,13.229,13.424,12.9365,13.424,0.9311589743589744
382,02/22 15:16:20,LONG,UMAUSDT,41.66666666666663,Close,3.887,3.911,3.851,3.911,0.8370416666666668
383,02/22 15:16:26,LONG,MINAUSDT,117.64705882353007,Close,1.2754,1.2839,1.2626500000000005,1.2839,0.8489529411764697
384,02/22 15:17:23,LONG,GMTUSDT,833.333333333348,Close,0.2639,0.2651,0.2621,0.2651,0.7790833333333294
385,02/22 15:27:23,LONG,USTCUSDT,8333.33333333319,Close,0.02982,0.02994,0.0296399999999999,0.02994,0.7505000000000042
386,02/22 16:16:02,LONG,WIFUSDT,294.1176470588223,Close,0.3252,0.3286,0.3200999999999999,0.3286,0.9033529411764708
387,02/22 17:01:04,SHORT,GALUSDT,26.041666666666824,Close,3.0313,3.0889,3.0889,2.9929,-1.5804401041666845
388,02/22 18:46:59,SHORT,OCEANUSDT,104.16666666666607,Close,0.7749,0.7653,0.7893000000000001,0.7653,0.9202812500000004
389,02/22 18:53:02,SHORT,FETUSDT,78.12499999999912,Close,1.1628,1.15,1.1820000000000004,1.15,0.910156250000001
390,02/22 19:18:21,LONG,STXUSDT,111.11111111111238,Close,2.5964,2.5829000000000004,2.5829000000000004,2.6054,-1.7869888888888676
391,02/22 19:41:51,SHORT,ETHUSDT,0.1076426264800865,Close,2990.29,3004.225,3004.225,2981.0,-1.823382669537137
392,02/22 20:16:55,SHORT,AXSUSDT,19.607843137254843,Close,7.881,7.83,7.9575,7.83,0.8464705882352945
393,02/22 20:17:17,SHORT,ROSEUSDT,1123.5955056179926,Close,0.12319,0.1223,0.1245249999999999,0.1223,0.8625842696629193
394,02/22 20:17:48,SHORT,PYTHUSDT,204.0816326530652,Close,0.568,0.5631,0.5753499999999998,0.5631,0.885081632653059
395,02/22 20:18:12,SHORT,MASKUSDT,27.77777777777809,Close,4.459,4.423,4.512999999999999,4.423,0.8771388888888874
396,02/22 20:18:25,SHORT,1000RATSUSDT,561.7977528089875,Close,0.25351,0.25618,0.25618,0.25173,-1.6439213483146065
397,02/22 20:19:15,SHORT,RONINUSDT,43.47826086956581,Close,3.191,3.2255,3.2255,3.168,-1.6402391304348038
398,02/22 20:30:27,SHORT,RDNTUSDT,285.71428571428544,Close,0.3558,0.3523,0.36105,0.3523,0.8993428571428571
399,02/22 22:04:35,SHORT,PYTHUSDT,333.33333333333303,Close,0.5633,0.5603,0.5678000000000001,0.5603,0.8132333333333335
400,02/22 22:25:13,SHORT,ARKMUSDT,34.72222222222203,Close,1.4528,1.424,1.4960000000000004,1.424,0.9505555555555558
401,02/22 22:45:37,SHORT,C98USDT,196.0784313725493,Close,0.3353,0.3302,0.34295,0.3302,0.9352549019607842
402,02/22 22:48:16,SHORT,ACEUSDT,7.137758743754534,Close,10.2511,10.111,10.461249999999996,10.111,0.927830121341898
403,02/22 22:48:53,SHORT,BAKEUSDT,163.93442622950835,Close,0.3926,0.3865,0.40175,0.3865,0.936639344262295
404,02/22 22:50:08,SHORT,SUIUSDT,49.99999999999996,Close,1.7472,1.7272,1.7772,1.7272,0.91364
405,02/22 23:16:27,SHORT,1000PEPEUSDT,192307.6923076957,Close,0.0012182,0.0012259999999999,0.0012259999999999,0.001213,-1.735769230749992
406,02/22 23:17:04,LONG,OPUSDT,40.65040650406512,Close,3.6518,3.6764,3.6149,3.6764,0.850552845528455
407,02/23 00:16:26,SHORT,WOOUSDT,133.51134846461954,Close,0.47653,0.487765,0.487765,0.46904,-1.5651221628838452
408,02/23 01:16:13,LONG,ARBUSDT,97.08737864077692,Close,1.8205,1.80505,1.80505,1.8308,-1.6752475728155345
409,02/23 01:16:29,LONG,ORDIUSDT,3.875968992248128,Close,65.193,64.80600000000001,64.80600000000001,65.451,-1.7511860465116045
410,02/23 01:19:56,LONG,ENSUSDT,7.142857142857114,Close,21.584,21.374,21.374,21.724,-1.652671428571428
411,02/23 02:08:47,LONG,LSKUSDT,196.078431372545,Close,1.3998,1.4049,1.3921499999999998,1.4049,0.7245294117647115
412,02/23 05:45:39,LONG,ALGOUSDT,999.9999999999992,Close,0.1864,0.1874,0.1849,0.1874,0.8126000000000001
413,02/23 05:46:33,LONG,INJUSDT,5.154639175257662,Close,33.817,34.011,33.526,34.011,0.8246855670103115
414,02/23 05:46:35,LONG,ADAUSDT,344.8275862068949,Close,0.5876,0.5905,0.58325,0.5905,0.7963793103448286
415,02/23 05:47:09,LONG,NEARUSDT,52.63157894736807,Close,3.221,3.24,3.1925,3.24,0.8294736842105275
416,02/23 05:47:16,LONG,ZENUSDT,7.092198581560283,Open,10.09,,9.8785,10.231,0.0
417,02/23 05:47:51,LONG,BIGTIMEUSDT,476.1904761904783,Close,0.3735,0.3756,0.37035,0.3756,0.8211428571428563
418,02/23 05:48:13,LONG,DOTUSDT,26.315789473684035,Close,7.415,7.453,7.358,7.453,0.8038684210526329
419,02/23 05:48:26,LONG,APTUSDT,23.80952380952392,Close,9.193,9.235,9.13,9.235,0.7801190476190468
420,02/23 05:49:06,LONG,ARBUSDT,135.1351351351338,Close,1.7812,1.7886,1.7700999999999998,1.7886,0.7582972972972997
421,02/23 05:49:56,LONG,AXSUSDT,34.48275862068976,Close,7.777,7.806,7.7335,7.806,0.7308275862068958
422,02/23 05:50:07,LONG,RUNEUSDT,47.61904761904783,Close,5.063,5.084,5.031499999999999,5.084,0.7579047619047609
423,02/23 05:57:05,LONG,SOLUSDT,2.865329512893952,Close,102.435,102.784,101.9115,102.784,0.705489971346708
424,02/23 06:30:27,LONG,LDOUSDT,93.45794392523425,Close,2.9868,2.9975,2.97075,2.9975,0.7198598130841103
425,02/23 06:41:45,LONG,NTRNUSDT,135.1351351351338,Close,1.5926,1.6,1.5815,1.6,0.7837837837837859
426,02/23 07:15:22,LONG,NTRNUSDT,104.1666666666685,Close,1.5941,1.5797000000000003,1.5797000000000003,1.6037,-1.6645520833333363
427,02/23 07:32:59,LONG,AIUSDT,27.404768429706834,Open,1.70913,,1.654395,1.74562,0.0
428,02/23 07:52:18,LONG,PHBUSDT,33.003300330033014,Open,1.5476,,1.50215,1.5779,0.0
